[
	{
		"pkg": "@capacitor-community/fcm",
		"classpath": "com.getcapacitor.community.fcm.FCMPlugin"
	},
	{
		"pkg": "@capacitor/app",
		"classpath": "com.capacitorjs.plugins.app.AppPlugin"
	},
	{
		"pkg": "@capacitor/device",
		"classpath": "com.capacitorjs.plugins.device.DevicePlugin"
	},
	{
		"pkg": "@capacitor/haptics",
		"classpath": "com.capacitorjs.plugins.haptics.HapticsPlugin"
	},
	{
		"pkg": "@capacitor/keyboard",
		"classpath": "com.capacitorjs.plugins.keyboard.KeyboardPlugin"
	},
	{
		"pkg": "@capacitor/preferences",
		"classpath": "com.capacitorjs.plugins.preferences.PreferencesPlugin"
	},
	{
		"pkg": "@capacitor/push-notifications",
		"classpath": "com.capacitorjs.plugins.pushnotifications.PushNotificationsPlugin"
	},
	{
		"pkg": "@capacitor/splash-screen",
		"classpath": "com.capacitorjs.plugins.splashscreen.SplashScreenPlugin"
	},
	{
		"pkg": "@capacitor/status-bar",
		"classpath": "com.capacitorjs.plugins.statusbar.StatusBarPlugin"
	}
]
