{
	"appId": "com.quiculum.qappvh.android",
	"appName": "Quiculum",
	"webDir": "www",
	"bundledWebRuntime": false,
	"cordova": {
		"preferences": {
			"ScrollEnabled": "false",
			"android-minSdkVersion": "19",
			"android-targetSdkVersion": "28",
			"BackupWebStorage": "none",
			"SplashMaintainAspectRatio": "true",
			"FadeSplashScreenDuration": "300",
			"SplashShowOnlyFirstTime": "false",
			"SplashScreen": "screen",
			"SplashScreenDelay": "3000"
		}
	},
	"plugins": {
		"PushNotifications": {
			"presentationOptions": [
				"badge",
				"sound",
				"alert"
			]
		}
	},
	"server": {
		"cleartext": true
	}
}
